id,timestamp,sender_id,recipient_id,amount,asset_id,detail
1,2026-04-18 16:29:36,1,2,10000.0,1,Starting Money
2,2026-04-18 16:31:44,1,3,10000.0,1,Starting Money
3,2026-04-18 16:32:27,1,4,10000.0,1,Starting Money
4,2026-04-18 16:33:54,1,5,10000.0,1,Starting Money
5,2026-04-18 16:34:18,1,6,10000.0,1,Starting Money
6,2026-04-18 16:56:17,4,1,60.0,21,1
7,2026-04-18 17:05:22,3,1,25.0,20,1
8,2026-04-18 17:09:55,3,1,85.0,14,1
9,2026-04-18 17:14:32,2,1,25.0,20,1
10,2026-04-18 17:14:34,1,7,10000.0,1,Starting Money
11,2026-04-18 17:19:00,2,1,35.0,15,1
12,2026-04-18 17:22:30,3,5,2500.0,57,investor
13,2026-04-18 17:25:00,6,1,35.0,15,1
14,2026-04-18 17:30:26,2,4,5500.0,58,investor
15,2026-04-18 17:35:02,7,1,120.0,11,1
16,2026-04-18 17:36:41,7,1,120.0,11,1
17,2026-04-18 17:36:45,1,7,120.0,11,16
18,2026-04-18 17:37:02,3,1,35.0,15,1
19,2026-04-18 17:38:10,7,1,25.0,20,1
20,2026-04-18 17:39:14,7,1,1500.0,7,4
21,2026-04-18 17:40:35,1,4,481.0,58,Invention Profit
22,2026-04-18 17:40:35,1,2,120.0,58,Investor Equity
23,2026-04-18 17:41:03,6,1,40.0,16,1
24,2026-04-18 17:42:11,2,1,25.0,20,1
25,2026-04-18 17:42:42,5,3,1500.0,59,investor
26,2026-04-18 17:49:26,4,2,7000.0,60,investor
27,2026-04-18 17:51:07,1,4,804.0,58,Invention Profit
28,2026-04-18 17:51:07,1,2,200.0,58,Investor Equity
29,2026-04-18 17:51:07,3,1,28.0,59,Invention Maintenance
30,2026-04-18 17:51:07,5,1,3.0,59,Investor Punishment
31,2026-04-18 17:51:07,1,2,108.0,60,Invention Profit
32,2026-04-18 17:51:07,1,4,18.0,60,Investor Equity
33,2026-04-18 17:52:36,5,1,35.0,15,1
34,2026-04-18 17:55:43,7,6,5000.0,61,investor
35,2026-04-18 17:56:44,3,1,500.0,2,in
36,2026-04-18 17:57:55,6,1,1500.0,7,4
37,2026-04-18 17:59:46,6,1,300.0,2,in
38,2026-04-18 18:01:39,1,4,896.0,58,Invention Profit
39,2026-04-18 18:01:39,1,2,224.0,58,Investor Equity
40,2026-04-18 18:01:39,3,1,28.0,59,Invention Maintenance
41,2026-04-18 18:01:39,5,1,3.0,59,Investor Punishment
42,2026-04-18 18:01:39,1,2,191.0,60,Invention Profit
43,2026-04-18 18:01:39,1,4,33.0,60,Investor Equity
44,2026-04-18 18:01:39,6,1,128.0,61,Invention Maintenance
45,2026-04-18 18:01:39,7,1,32.0,61,Investor Punishment
46,2026-04-18 18:03:24,6,7,5000.0,62,investor
47,2026-04-18 18:04:15,6,1,35.0,15,1
48,2026-04-18 18:06:44,6,1,1500.0,7,4
49,2026-04-18 18:06:44,6,1,1500.0,7,4
50,2026-04-18 18:09:59,2,1,40.0,16,1
51,2026-04-18 18:10:41,5,1,25.0,20,1
52,2026-04-18 18:12:11,1,4,1442.0,58,Invention Profit
53,2026-04-18 18:12:11,1,2,360.0,58,Investor Equity
54,2026-04-18 18:12:11,3,1,28.0,59,Invention Maintenance
55,2026-04-18 18:12:11,5,1,3.0,59,Investor Punishment
56,2026-04-18 18:12:11,1,2,246.0,60,Invention Profit
57,2026-04-18 18:12:11,1,4,43.0,60,Investor Equity
58,2026-04-18 18:12:11,6,1,128.0,61,Invention Maintenance
59,2026-04-18 18:12:11,7,1,32.0,61,Investor Punishment
60,2026-04-18 18:12:11,1,7,164.0,62,Invention Profit
61,2026-04-18 18:12:11,1,6,40.0,62,Investor Equity
62,2026-04-18 18:12:46,1,3,460.0,2,out
63,2026-04-18 18:13:34,2,1,100.0,7,3
64,2026-04-18 18:13:44,4,1,1000.0,2,in
65,2026-04-18 18:17:09,6,1,120.0,11,1
66,2026-04-18 18:22:26,3,1,950.0,7,5
67,2026-04-18 18:22:43,1,4,1888.0,58,Invention Profit
68,2026-04-18 18:22:43,1,2,471.0,58,Investor Equity
69,2026-04-18 18:22:43,3,1,28.0,59,Invention Maintenance
70,2026-04-18 18:22:43,5,1,3.0,59,Investor Punishment
71,2026-04-18 18:22:43,1,2,414.0,60,Invention Profit
72,2026-04-18 18:22:43,1,4,73.0,60,Investor Equity
73,2026-04-18 18:22:43,6,1,128.0,61,Invention Maintenance
74,2026-04-18 18:22:43,7,1,32.0,61,Investor Punishment
75,2026-04-18 18:22:43,1,7,291.0,62,Invention Profit
76,2026-04-18 18:22:43,1,6,72.0,62,Investor Equity
77,2026-04-18 18:22:48,5,1,35.0,15,1
78,2026-04-18 18:23:27,5,1,75.15,52,1
79,2026-04-18 18:26:35,5,1,471.04999999999995,56,5
80,2026-04-18 18:27:53,2,1,243.51,51,3
81,2026-04-18 18:28:24,1,2,0.0,6,6-12
82,2026-04-18 18:29:28,3,1,85.0,14,1
83,2026-04-18 18:29:33,2,1,85.0,14,1
84,2026-04-18 18:29:53,5,1,25.0,20,1
85,2026-04-18 18:33:15,1,4,1188.0,58,Invention Profit
86,2026-04-18 18:33:15,1,2,296.0,58,Investor Equity
87,2026-04-18 18:33:15,3,1,28.0,59,Invention Maintenance
88,2026-04-18 18:33:15,5,1,3.0,59,Investor Punishment
89,2026-04-18 18:33:15,1,2,524.0,60,Invention Profit
90,2026-04-18 18:33:15,1,4,92.0,60,Investor Equity
91,2026-04-18 18:33:15,6,1,128.0,61,Invention Maintenance
92,2026-04-18 18:33:15,7,1,32.0,61,Investor Punishment
93,2026-04-18 18:33:15,1,7,368.0,62,Invention Profit
94,2026-04-18 18:33:15,1,6,92.0,62,Investor Equity
95,2026-04-18 18:33:26,1,5,340.20000000000005,56,3
96,2026-04-18 18:33:54,3,1,100.0,7,3
97,2026-04-18 18:35:23,5,1,166.92,52,2
98,2026-04-18 18:35:43,7,1,120.0,11,1
99,2026-04-18 18:35:55,2,1,761.9,53,10
100,2026-04-18 18:36:25,2,1,510.45000000000005,56,5
101,2026-04-18 18:37:23,7,1,472.45,52,5
102,2026-04-18 18:37:33,3,1,500.0,2,in
103,2026-04-18 18:37:50,6,1,100.0,7,3
104,2026-04-18 18:38:06,7,1,241.35000000000002,55,3
105,2026-04-18 18:38:26,5,1,100.0,2,in
106,2026-04-18 18:39:09,2,1,1000.0,2,in
107,2026-04-18 18:39:45,4,1,85.0,14,1
108,2026-04-18 18:40:31,5,1,438.40000000000003,53,5
109,2026-04-18 18:40:39,3,1,438.40000000000003,53,5
110,2026-04-18 18:43:47,1,4,954.0,58,Invention Profit
111,2026-04-18 18:43:47,1,2,238.0,58,Investor Equity
112,2026-04-18 18:43:47,3,1,28.0,59,Invention Maintenance
113,2026-04-18 18:43:47,5,1,3.0,59,Investor Punishment
114,2026-04-18 18:43:47,1,2,544.0,60,Invention Profit
115,2026-04-18 18:43:47,1,4,96.0,60,Investor Equity
116,2026-04-18 18:43:47,6,1,128.0,61,Invention Maintenance
117,2026-04-18 18:43:47,7,1,32.0,61,Investor Punishment
118,2026-04-18 18:43:47,1,7,684.0,62,Invention Profit
119,2026-04-18 18:43:47,1,6,170.0,62,Investor Equity
120,2026-04-18 18:45:29,7,6,2500.0,63,investor
121,2026-04-18 18:46:33,6,1,50.0,20,2
122,2026-04-18 18:48:26,6,1,25.0,20,1
123,2026-04-18 18:48:59,5,1,85.0,14,1
124,2026-04-18 18:49:07,5,1,85.0,14,1
125,2026-04-18 18:49:10,1,5,85.0,14,124
126,2026-04-18 18:49:14,5,1,65.0,13,1
127,2026-04-18 18:53:13,1,3,501.65,53,5
128,2026-04-18 18:53:20,7,1,120.0,11,1
129,2026-04-18 18:53:21,1,5,484.09999999999997,53,5
130,2026-04-18 18:53:35,3,1,241.68,54,3
131,2026-04-18 18:54:19,1,4,802.0,58,Invention Profit
132,2026-04-18 18:54:19,1,2,200.0,58,Investor Equity
133,2026-04-18 18:54:19,1,2,387.0,60,Invention Profit
134,2026-04-18 18:54:19,1,4,68.0,60,Investor Equity
135,2026-04-18 18:54:19,6,1,128.0,61,Invention Maintenance
136,2026-04-18 18:54:19,7,1,32.0,61,Investor Punishment
137,2026-04-18 18:54:19,1,7,1081.0,62,Invention Profit
138,2026-04-18 18:54:19,1,6,270.0,62,Investor Equity
139,2026-04-18 18:54:20,4,1,100.0,7,3
140,2026-04-18 18:54:58,1,7,267.99,55,3
141,2026-04-18 18:55:16,3,1,120.0,11,1
142,2026-04-18 18:55:59,3,1,410.75,55,5
143,2026-04-18 18:56:27,1,3,0.0,6,17-14
144,2026-04-18 18:56:53,2,1,65.0,13,1
145,2026-04-18 18:57:10,5,1,437.45,55,5
146,2026-04-18 19:03:13,3,1,25.0,20,1
147,2026-04-18 19:04:51,1,4,647.0,58,Invention Profit
148,2026-04-18 19:04:51,1,2,161.0,58,Investor Equity
149,2026-04-18 19:04:51,1,2,301.0,60,Invention Profit
150,2026-04-18 19:04:51,1,4,52.0,60,Investor Equity
151,2026-04-18 19:04:51,6,1,128.0,61,Invention Maintenance
152,2026-04-18 19:04:51,7,1,32.0,61,Investor Punishment
153,2026-04-18 19:04:51,1,7,607.0,62,Invention Profit
154,2026-04-18 19:04:51,1,6,151.0,62,Investor Equity
155,2026-04-18 19:06:51,7,1,35.0,15,1
156,2026-04-18 19:06:59,7,1,525.21,51,7
157,2026-04-18 19:07:31,7,1,271.20000000000005,53,3
158,2026-04-18 19:07:48,1,3,464.09999999999997,55,5
159,2026-04-18 19:08:06,3,1,183.7,54,2
160,2026-04-18 19:08:39,1,5,431.5,55,5
161,2026-04-18 19:09:04,5,1,222.2,52,2
162,2026-04-18 19:11:31,4,1,2000.0,2,in
163,2026-04-18 19:11:48,5,1,50.0,2,in
164,2026-04-18 19:11:56,2,1,100.0,2,in
165,2026-04-18 19:12:04,1,2,1750.0,2,out
166,2026-04-18 19:13:40,5,1,637.2,56,5
167,2026-04-18 19:13:50,3,1,85.0,14,1
168,2026-04-18 19:14:47,3,1,691.85,56,5
169,2026-04-18 19:15:27,1,4,491.0,58,Invention Profit
170,2026-04-18 19:15:27,1,2,122.0,58,Investor Equity
171,2026-04-18 19:15:27,1,2,219.0,60,Invention Profit
172,2026-04-18 19:15:27,1,4,38.0,60,Investor Equity
173,2026-04-18 19:15:27,1,7,538.0,62,Invention Profit
174,2026-04-18 19:15:27,1,6,134.0,62,Investor Equity
175,2026-04-18 19:15:57,2,4,4000.0,64,investor
176,2026-04-18 19:16:18,4,2,2000.0,1,Bank Transfer
177,2026-04-18 19:16:33,6,1,317.94,53,3
178,2026-04-18 19:20:04,7,1,366.27,53,3
179,2026-04-18 19:22:00,7,1,1500.0,7,4
180,2026-04-18 19:22:52,1,7,634.7,52,5
181,2026-04-18 19:23:05,7,1,213.22,54,2
182,2026-04-18 19:23:44,2,1,35.0,15,1
183,2026-04-18 19:24:59,4,1,346.88,51,4
184,2026-04-18 19:25:34,4,1,626.32,56,4
185,2026-04-18 19:25:59,1,4,322.0,58,Invention Profit
186,2026-04-18 19:25:59,1,2,80.0,58,Investor Equity
187,2026-04-18 19:25:59,1,2,224.0,60,Invention Profit
188,2026-04-18 19:25:59,1,4,39.0,60,Investor Equity
189,2026-04-18 19:25:59,1,7,467.0,62,Invention Profit
190,2026-04-18 19:25:59,1,6,116.0,62,Investor Equity
191,2026-04-18 19:25:59,1,4,194.0,64,Invention Profit
192,2026-04-18 19:25:59,1,2,193.0,64,Investor Equity
193,2026-04-18 19:26:42,2,1,100.0,2,in
194,2026-04-18 19:30:46,1,5,884.6500000000001,56,5
195,2026-04-18 19:31:21,2,1,225.57,55,3
196,2026-04-18 19:32:32,2,1,2383.65,56,15
197,2026-04-18 19:33:27,2,1,827.1500000000001,56,5
198,2026-04-18 19:34:13,5,1,209.82,52,2
199,2026-04-18 19:34:31,1,3,1300.0,2,out
200,2026-04-18 19:34:44,7,1,85.0,14,1
201,2026-04-18 19:34:47,7,1,85.0,14,1
202,2026-04-18 19:34:47,7,1,85.0,14,1
203,2026-04-18 19:35:12,7,1,86.0,14,1
204,2026-04-18 19:35:18,3,1,86.0,14,1
205,2026-04-18 19:35:28,5,1,35.0,15,1
206,2026-04-18 19:35:53,4,1,120.0,11,1
207,2026-04-18 19:36:12,2,1,822.6,55,10
208,2026-04-18 19:36:31,1,4,304.0,58,Invention Profit
209,2026-04-18 19:36:31,1,2,76.0,58,Investor Equity
210,2026-04-18 19:36:31,1,2,170.0,60,Invention Profit
211,2026-04-18 19:36:31,1,4,29.0,60,Investor Equity
212,2026-04-18 19:36:31,1,7,312.0,62,Invention Profit
213,2026-04-18 19:36:31,1,6,78.0,62,Investor Equity
214,2026-04-18 19:36:31,1,4,280.0,64,Invention Profit
215,2026-04-18 19:36:31,1,2,279.0,64,Investor Equity
216,2026-04-18 19:36:32,5,1,1500.0,7,4
217,2026-04-18 19:37:04,5,1,950.0,7,5
218,2026-04-18 19:37:21,3,1,35.0,15,1
219,2026-04-18 19:37:34,3,1,950.0,7,5
220,2026-04-18 19:38:04,3,1,1500.0,7,4
221,2026-04-18 19:39:01,5,1,35.0,15,1
222,2026-04-18 19:39:41,2,1,10051.98,51,106
223,2026-04-18 19:40:00,2,1,35.0,12,1
224,2026-04-18 19:40:28,1,6,437.40000000000003,53,3
225,2026-04-18 19:41:04,4,1,2047.4,51,20
226,2026-04-18 19:41:45,7,1,1644.8999999999999,51,15
227,2026-04-18 19:42:07,5,1,65.0,13,1
228,2026-04-18 19:42:51,7,1,100.0,2,in
229,2026-04-18 19:43:52,1,2,13013.619999999999,51,106
230,2026-04-18 19:44:41,1,4,2731.2,51,24
231,2026-04-18 19:45:12,3,1,462.45,55,5
232,2026-04-18 19:45:55,5,1,480.7,55,5
233,2026-04-18 19:46:20,1,7,2129.61,51,21
234,2026-04-18 19:47:00,1,4,740.28,56,4
235,2026-04-18 19:47:05,1,4,251.0,58,Invention Profit
236,2026-04-18 19:47:05,1,2,62.0,58,Investor Equity
237,2026-04-18 19:47:05,1,2,141.0,60,Invention Profit
238,2026-04-18 19:47:05,1,4,24.0,60,Investor Equity
239,2026-04-18 19:47:05,1,7,296.0,62,Invention Profit
240,2026-04-18 19:47:05,1,6,73.0,62,Investor Equity
241,2026-04-18 19:47:05,1,4,323.0,64,Invention Profit
242,2026-04-18 19:47:05,1,2,322.0,64,Investor Equity
243,2026-04-18 19:47:06,3,1,85.0,14,1
244,2026-04-18 19:49:54,5,6,950.0,1,Bank Transfer
245,2026-04-18 19:50:01,7,1,4496.5,51,50
246,2026-04-18 19:50:12,6,1,950.0,7,5
247,2026-04-18 19:50:19,2,1,85.0,14,1
248,2026-04-18 19:50:30,3,1,25.0,20,1
249,2026-04-18 19:51:22,2,1,85.0,14,1
250,2026-04-18 19:51:39,2,1,12916.8,51,130
251,2026-04-18 19:54:35,1,3,577.05,55,5
252,2026-04-18 19:54:55,1,2,14526.199999999999,51,130
253,2026-04-18 19:55:11,1,7,10710.0,51,100
254,2026-04-18 19:55:17,3,1,500.0,2,in
255,2026-04-18 19:55:44,6,1,524.8,55,5
256,2026-04-18 19:56:17,1,6,787.55,54,5
257,2026-04-18 19:57:29,3,1,500.0,2,in
258,2026-04-18 19:57:35,6,1,739.0999999999999,54,5
259,2026-04-18 19:57:37,1,4,180.0,58,Invention Profit
260,2026-04-18 19:57:37,1,2,44.0,58,Investor Equity
261,2026-04-18 19:57:37,1,2,89.0,60,Invention Profit
262,2026-04-18 19:57:37,1,4,15.0,60,Investor Equity
263,2026-04-18 19:57:37,1,7,236.0,62,Invention Profit
264,2026-04-18 19:57:37,1,6,58.0,62,Investor Equity
265,2026-04-18 19:57:37,1,4,326.0,64,Invention Profit
266,2026-04-18 19:57:37,1,2,326.0,64,Investor Equity
267,2026-04-18 19:57:48,1,5,603.1,55,5
268,2026-04-18 19:59:05,4,1,35.0,15,1
269,2026-04-18 20:00:08,1,7,200.0,3,25%
270,2026-04-18 20:01:53,1,5,341.28,56,2
271,2026-04-18 20:01:59,1,5,230.22,52,2
272,2026-04-18 20:02:31,5,3,3000.0,1,Bank Transfer
273,2026-04-18 20:02:54,6,1,130.0,13,2
274,2026-04-18 20:03:47,1,1,50000.0,7,13
275,2026-04-18 20:03:53,7,1,11788.75,53,125
276,2026-04-18 20:04:23,6,1,500.0,2,in
277,2026-04-18 20:04:33,3,1,3057.67,54,19
278,2026-04-18 20:05:59,1,7,498.0,52,5
279,2026-04-18 20:06:42,7,1,1500.0,7,4
280,2026-04-18 20:06:51,3,1,2000.0,2,in
281,2026-04-18 20:07:14,1,7,13175.98,53,131
282,2026-04-18 20:07:23,5,1,100.0,2,in
283,2026-04-18 20:07:37,6,1,130.0,13,2
284,2026-04-18 20:08:09,3,1,1376.96,52,16
285,2026-04-18 20:08:11,1,4,170.0,58,Invention Profit
286,2026-04-18 20:08:11,1,2,42.0,58,Investor Equity
287,2026-04-18 20:08:11,1,2,73.0,60,Invention Profit
288,2026-04-18 20:08:11,1,4,12.0,60,Investor Equity
289,2026-04-18 20:08:11,1,7,143.0,62,Invention Profit
290,2026-04-18 20:08:11,1,6,35.0,62,Investor Equity
291,2026-04-18 20:08:11,1,4,544.0,64,Invention Profit
292,2026-04-18 20:08:11,1,2,544.0,64,Investor Equity
293,2026-04-18 20:10:40,5,1,1500.0,7,4
294,2026-04-18 20:11:09,5,1,950.0,7,5
295,2026-04-18 20:11:31,3,1,50.0,19,1
296,2026-04-18 20:12:15,1,7,80.0,2,out
297,2026-04-18 20:12:46,1,6,619.15,55,5
298,2026-04-18 20:17:23,1,3,80.0,2,out
299,2026-04-18 20:18:38,6,1,80.0,18,2
300,2026-04-18 20:18:43,1,4,129.0,58,Invention Profit
301,2026-04-18 20:18:43,1,2,32.0,58,Investor Equity
302,2026-04-18 20:18:43,1,2,80.0,60,Invention Profit
303,2026-04-18 20:18:43,1,4,13.0,60,Investor Equity
304,2026-04-18 20:18:43,1,7,139.0,62,Invention Profit
305,2026-04-18 20:18:43,1,6,34.0,62,Investor Equity
306,2026-04-18 20:18:43,1,4,317.0,64,Invention Profit
307,2026-04-18 20:18:43,1,2,317.0,64,Investor Equity
308,2026-04-18 20:19:54,2,1,130.0,13,2
309,2026-04-18 20:20:11,1,5,416.5,52,5
310,2026-04-18 20:22:51,1,2,1478.88,55,13
311,2026-04-18 20:23:10,1,2,306.21,51,3
312,2026-04-18 20:23:31,1,3,1332.8,52,16
313,2026-04-18 20:23:43,1,3,5280.599999999999,54,26
314,2026-04-18 20:25:23,7,1,312.0,3,1-112$
